project	utdate	obsnum	object	obs_type	file_id	msbtitle	obs_sb	subsysnr	subbands	lofreqs	restfreq	molecule	transiti
JCMTCAL	20200717	8	IRC+10216	science	a20200717_00008_01_0001.sdf	IRC+10216 CO(2-1) 230.5380	LSB	1	250MHzx8192	236.5410701592	230.538	CO	2 - 1
JCMTCAL	20200717	8	IRC+10216	science	a20200717_00008_02_0001.sdf	IRC+10216 CO(2-1) 230.5380	LSB	2	1000MHzx2048	236.5410701592	230.538	CO	2 - 1
JCMTCAL	20200720	6	16293-2422	science	a20200720_00006_01_0001.sdf	16293-2422 CO(2-1) 230.5380	LSB	1	250MHzx8192	236.5262687358	230.538	CO	2 - 1
JCMTCAL	20200720	6	16293-2422	science	a20200720_00006_02_0001.sdf	16293-2422 CO(2-1) 230.5380	LSB	2	1000MHzx2048	236.5262687358	230.538	CO	2 - 1
M16AL005	20200720	10	J132035.40+340821.7	science	a20200720_00010_01_0001.sdf	J132035.40+340821.7testLSB	LSB	1	1000MHzx2048	231.3174618604	230.538	CO	2 - 1
M16AL005	20200720	11	J132035.40+340821.7	science	a20200720_00011_01_0001.sdf	J132035.40+340821.7testLSB	LSB	1	1000MHzx2048	231.3174471811	230.538	CO	2 - 1
M16AL005	20200720	12	J132035.40+340821.7	science	a20200720_00012_01_0001.sdf	J132035.40+340821.7testLSB	LSB	1	1000MHzx2048	231.3174337845	230.538	CO	2 - 1
M20AEC36	20200720	15	16293-2422	science	a20200720_00015_01_0001.sdf	16293-2422 PSSW C17O 5min with large redshift	LSB	1	1000MHzx2048	230.6974841113	230.538	CO	2 - 1
M20AEC36	20200720	15	16293-2422	science	a20200720_00015_02_0001.sdf	16293-2422 PSSW C17O 5min with large redshift	LSB	2	1000MHzx2048	230.6974841113	230.538	CO	2 - 1
M20AEC36	20200720	16	16293-2422	science	a20200720_00016_01_0001.sdf	16293-2422 PSSW C17O 5min with large redshift	LSB	1	1000MHzx2048	230.6974760446	230.538	CO	2 - 1
M20AEC36	20200720	16	16293-2422	science	a20200720_00016_02_0001.sdf	16293-2422 PSSW C17O 5min with large redshift	LSB	2	1000MHzx2048	230.6974760446	230.538	CO	2 - 1
M20AEC36	20200720	17	16293-2422	science	a20200720_00017_01_0001.sdf	16293-2422 PSSW C17O 5min with large redshift	LSB	1	1000MHzx2048	230.6974679475	230.538	CO	2 - 1
M20AEC36	20200720	17	16293-2422	science	a20200720_00017_02_0001.sdf	16293-2422 PSSW C17O 5min with large redshift	LSB	2	1000MHzx2048	230.6974679475	230.538	CO	2 - 1
JCMTCAL	20200721	7	16293-2422	science	a20200721_00007_01_0001.sdf	16293-2422 CO(2-1) 230.5380 (1X)_done_20200720T181605	USB	1	250MHzx8192	224.5261132676	230.538	CO	2 - 1
JCMTCAL	20200721	7	16293-2422	science	a20200721_00007_02_0001.sdf	16293-2422 CO(2-1) 230.5380 (1X)_done_20200720T181605	USB	2	1000MHzx2048	224.5261132676	230.538	CO	2 - 1
M20AEC36	20200721	11	16293-2422	science	a20200721_00011_01_0001.sdf	16293-2422 red CO test 4	LSB	1	1000MHzx2048	236.5211829315	230.538	CO	2 - 1
JCMTCAL	20200721	12	16293-2422	science	a20200721_00012_01_0001.sdf	16293-2422 CO(2-1) 230.5380	USB	1	250MHzx8192	224.5260833841	230.538	CO	2 - 1
JCMTCAL	20200721	12	16293-2422	science	a20200721_00012_02_0001.sdf	16293-2422 CO(2-1) 230.5380	USB	2	1000MHzx2048	224.5260833841	230.538	CO	2 - 1
M20AEC36	20200721	39	CRL618	science	a20200721_00039_01_0001.sdf	CRL618 BMSW with large redshift	LSB	1	1000MHzx2048	229.8381342125	230.538	CO	2 - 1
M20AEC36	20200722	1	EL90	science	a20200722_00001_01_0001.sdf	Tsys C17O with large redshift	LSB	1	1000MHzx2048	236.538	230.538	CO	2 - 1
M20AEC36	20200722	1	EL90	science	a20200722_00001_02_0001.sdf	Tsys C17O with large redshift	LSB	2	1000MHzx2048	236.538	230.538	CO	2 - 1
M20AEC36	20200722	2	EL90	science	a20200722_00002_01_0001.sdf	Tsys C17O with large redshift	LSB	1	1000MHzx2048	236.538	230.538	CO	2 - 1
M20AEC36	20200722	2	EL90	science	a20200722_00002_02_0001.sdf	Tsys C17O with large redshift	LSB	2	1000MHzx2048	236.538	230.538	CO	2 - 1
M20AEC36	20200722	3	EL90	science	a20200722_00003_01_0001.sdf	Tsys CO(2-1) radio-300	USB	1	250MHzx8192	224.538	230.538	CO	2 - 1
M20AEC36	20200722	4	EL90	science	a20200722_00004_01_0001.sdf	Tsys CO(2-1) radio-300	USB	1	250MHzx8192	224.538	230.538	CO	2 - 1
JCMTCAL	20200722	16	16293-2422	science	a20200722_00016_01_0001.sdf	16293-2422 CO(2-1) 230.5380	USB	1	250MHzx8192	224.5259100697	230.538	CO	2 - 1
JCMTCAL	20200722	16	16293-2422	science	a20200722_00016_02_0001.sdf	16293-2422 CO(2-1) 230.5380	USB	2	1000MHzx2048	224.5259100697	230.538	CO	2 - 1
M16AL005	20200722	19	J132035.40+340821.7	science	a20200722_00019_01_0001.sdf	J132035.40+340821.7testLSB	LSB	1	1000MHzx2048	231.3178130124	230.538	CO	2 - 1
M16AL005	20200722	20	J132035.40+340821.7	science	a20200722_00020_01_0001.sdf	J132035.40+340821.7testLSB	LSB	1	1000MHzx2048	231.3177923713	230.538	CO	2 - 1
M20AEC36	20200722	21	EL60	science	a20200722_00021_01_0001.sdf	Tsys CO(2-1) radio-300	USB	1	250MHzx8192	224.538	230.538	CO	2 - 1
M20AEC36	20200722	22	EL60	science	a20200722_00022_01_0001.sdf	Tsys CO(2-1) radio-300	USB	1	250MHzx8192	224.538	230.538	CO	2 - 1
JCMTCAL	20200728	77	CRL2688	science	a20200728_00077_01_0001.sdf	CRL2688 CO(2-1) 230.5380	LSB	1	250MHzx8192	236.5836215185	230.538	CO	2 - 1
JCMTCAL	20200728	77	CRL2688	science	a20200728_00077_02_0001.sdf	CRL2688 CO(2-1) 230.5380	LSB	2	1000MHzx2048	236.5836215185	230.538	CO	2 - 1
JCMTCAL	20200729	64	G34.3	science	a20200729_00064_01_0001.sdf	G34.3 CO(2-1) 230.5380	LSB	1	250MHzx8192	236.4984932145	230.538	CO	2 - 1
JCMTCAL	20200729	64	G34.3	science	a20200729_00064_02_0001.sdf	G34.3 CO(2-1) 230.5380	LSB	2	1000MHzx2048	236.4984932145	230.538	CO	2 - 1
JCMTCAL	20200729	72	W75N	science	a20200729_00072_01_0001.sdf	W75N CO(2-1) 230.5380 (1X)_done_20200729T021755	LSB	1	250MHzx8192	236.5457835013	230.538	CO	2 - 1
JCMTCAL	20200729	72	W75N	science	a20200729_00072_02_0001.sdf	W75N CO(2-1) 230.5380 (1X)_done_20200729T021755	LSB	2	1000MHzx2048	236.5457835013	230.538	CO	2 - 1
JCMTCAL	20200729	97	OMC1	science	a20200729_00097_01_0001.sdf	OMC1 CO(2-1) 230.5380	LSB	1	250MHzx8192	236.5304829744	230.538	CO	2 - 1
JCMTCAL	20200729	97	OMC1	science	a20200729_00097_02_0001.sdf	OMC1 CO(2-1) 230.5380	LSB	2	1000MHzx2048	236.5304829744	230.538	CO	2 - 1
JCMTCAL	20200729	103	OMC1	science	a20200729_00103_01_0001.sdf	OMC1 CS(5-4) 244.9356	LSB	1	250MHzx8192	250.9276284216	244.9356435	CS	5 - 4
JCMTCAL	20200729	103	OMC1	science	a20200729_00103_02_0001.sdf	OMC1 CS(5-4) 244.9356	LSB	2	1000MHzx2048	250.9276284216	244.9356435	CS	5 - 4
JCMTCAL	20200729	106	N2071IR	science	a20200729_00106_01_0001.sdf	N2071IR CO(2-1) 230.5380	LSB	1	250MHzx8192	236.5308296898	230.538	CO	2 - 1
JCMTCAL	20200729	106	N2071IR	science	a20200729_00106_02_0001.sdf	N2071IR CO(2-1) 230.5380	LSB	2	1000MHzx2048	236.5308296898	230.538	CO	2 - 1
JCMTCAL	20200729	111	N2071IR	science	a20200729_00111_01_0001.sdf	N2071IR CS(5-4) 244.9356	LSB	1	250MHzx8192	250.9279919171	244.9356435	CS	5 - 4
JCMTCAL	20200729	111	N2071IR	science	a20200729_00111_02_0001.sdf	N2071IR CS(5-4) 244.9356	LSB	2	1000MHzx2048	250.9279919171	244.9356435	CS	5 - 4
M20AEC36	20200729	113	test2	science	a20200729_00113_01_0001.sdf	morning Tsys C17O with large redshift	LSB	1	1000MHzx2048	230.7294393219	230.538	CO	2 - 1
M20AEC36	20200729	113	test2	science	a20200729_00113_02_0001.sdf	morning Tsys C17O with large redshift	LSB	2	1000MHzx2048	230.7294393219	230.538	CO	2 - 1
M20AEC36	20200729	114	test2	science	a20200729_00114_01_0001.sdf	morning Tsys CO(2-1) radio-300	USB	1	250MHzx8192	224.7727414583	230.538	CO	2 - 1
M20AEC36	20200729	115	test2	science	a20200729_00115_01_0001.sdf	morning Tsys CO(2-1) opt1532 Helicentric	LSB	1	1000MHzx2048	234.6825689162	230.538	CO	2 - 1
M20AEC36	20200729	116	test2	science	a20200729_00116_01_0001.sdf	morning Tsys CO(2-1) redshift0.0231 Barycentric	LSB	1	1000MHzx2048	231.3489045378	230.538	CO	2 - 1
JCMTCAL	20200730	34	CRL2688	science	a20200730_00034_01_0001.sdf	CRL2688 CO(2-1) 230.5380	LSB	1	250MHzx8192	236.5831959377	230.538	CO	2 - 1
JCMTCAL	20200730	34	CRL2688	science	a20200730_00034_02_0001.sdf	CRL2688 CO(2-1) 230.5380	LSB	2	1000MHzx2048	236.5831959377	230.538	CO	2 - 1
JCMTCAL	20200802	10	16293-2422	science	a20200802_00010_01_0001.sdf	16293-2422 CO(2-1) 230.5380	USB	1	250MHzx8192	224.5234263869	230.538	CO	2 - 1
JCMTCAL	20200802	10	16293-2422	science	a20200802_00010_02_0001.sdf	16293-2422 CO(2-1) 230.5380	USB	2	1000MHzx2048	224.5234263869	230.538	CO	2 - 1
M20AEC36	20200802	11	16293-2422	science	a20200802_00011_01_0001.sdf	16293-2422 PSSW C17O 5min with large redshift	LSB	1	1000MHzx2048	230.6949125935	230.538	CO	2 - 1
M20AEC36	20200802	11	16293-2422	science	a20200802_00011_02_0001.sdf	16293-2422 PSSW C17O 5min with large redshift	LSB	2	1000MHzx2048	230.6949125935	230.538	CO	2 - 1
JCMTCAL	20200802	17	G34.3	science	a20200802_00017_01_0001.sdf	G34.3 CO(2-1) 230.5380	LSB	1	250MHzx8192	236.4978016563	230.538	CO	2 - 1
JCMTCAL	20200802	17	G34.3	science	a20200802_00017_02_0001.sdf	G34.3 CO(2-1) 230.5380	LSB	2	1000MHzx2048	236.4978016563	230.538	CO	2 - 1
JCMTCAL	20200802	24	W75N	science	a20200802_00024_01_0001.sdf	W75N CO(2-1) 230.5380	LSB	1	250MHzx8192	236.5454477069	230.538	CO	2 - 1
JCMTCAL	20200802	24	W75N	science	a20200802_00024_02_0001.sdf	W75N CO(2-1) 230.5380	LSB	2	1000MHzx2048	236.5454477069	230.538	CO	2 - 1
M20AEC36	20200802	28	MOON	science	a20200802_00028_01_0001.sdf	Uu Moon raster	LSB	1	1000MHzx2048	236.538	230.538	CO	2 - 1
M20AEC36	20200802	28	MOON	science	a20200802_00028_02_0001.sdf	Uu Moon raster	LSB	2	1000MHzx2048	236.538	230.538	CO	2 - 1
JCMTCAL	20200802	31	G34.3	science	a20200802_00031_01_0001.sdf	G34.3 CO(2-1) 230.5380 (1X)_done_20200801T174102	LSB	1	250MHzx8192	236.4975879563	230.538	CO	2 - 1
JCMTCAL	20200802	31	G34.3	science	a20200802_00031_02_0001.sdf	G34.3 CO(2-1) 230.5380 (1X)_done_20200801T174102	LSB	2	1000MHzx2048	236.4975879563	230.538	CO	2 - 1
JCMTCAL	20200807	15	16293-2422	science	a20200807_00015_01_0001.sdf	16293-2422 CO(2-1) 230.5380 (1X)_done_20200806T194427	LSB	1	250MHzx8192	236.5223052801	230.538	CO	2 - 1
JCMTCAL	20200807	15	16293-2422	science	a20200807_00015_02_0001.sdf	16293-2422 CO(2-1) 230.5380 (1X)_done_20200806T194427	LSB	2	1000MHzx2048	236.5223052801	230.538	CO	2 - 1
JCMTCAL	20200807	17	16293-2422	science	a20200807_00017_01_0001.sdf	16293-2422 CS(5-4) 244.9356 (1X)_done_20200806T194407	LSB	1	250MHzx8192	250.9189497897	244.9356435	CS	5 - 4
JCMTCAL	20200807	17	16293-2422	science	a20200807_00017_02_0001.sdf	16293-2422 CS(5-4) 244.9356 (1X)_done_20200806T194407	LSB	2	1000MHzx2048	250.9189497897	244.9356435	CS	5 - 4
JCMTCAL	20200807	18	16293-2422	science	a20200807_00018_01_0001.sdf	16293-2422 CS(5-4) 244.9356 (1X)_done_20200806T194412	USB	1	250MHzx8192	238.918940535	244.9356435	CS	5 - 4
JCMTCAL	20200807	18	16293-2422	science	a20200807_00018_02_0001.sdf	16293-2422 CS(5-4) 244.9356 (1X)_done_20200806T194412	USB	2	1000MHzx2048	238.918940535	244.9356435	CS	5 - 4
M17BL002	20200807	21	X Her	science	a20200807_00021_01_0001.sdf	X Her Position-switch raster	USB	1	1000MHzx2048	225.4723534499	230.538	CO	2 - 1
M17BL002	20200807	22	X Her	science	a20200807_00022_01_0001.sdf	X Her Position-switch raster	USB	1	1000MHzx2048	225.4723375524	230.538	CO	2 - 1
M17BL002	20200807	25	X Her	science	a20200807_00025_01_0001.sdf	X Her Position-switch raster	USB	1	1000MHzx2048	225.4723170159	230.538	CO	2 - 1
M17BL002	20200807	26	X Her	science	a20200807_00026_01_0001.sdf	X Her Position-switch raster	USB	1	1000MHzx2048	225.4723044783	230.538	CO	2 - 1
JCMTCAL	20200807	32	G34.3	science	a20200807_00032_01_0001.sdf	G34.3 CO(2-1) 230.5380	LSB	1	250MHzx8192	236.4958202334	230.538	CO	2 - 1
JCMTCAL	20200807	32	G34.3	science	a20200807_00032_02_0001.sdf	G34.3 CO(2-1) 230.5380	LSB	2	1000MHzx2048	236.4958202334	230.538	CO	2 - 1
JCMTCAL	20200807	34	G34.3	science	a20200807_00034_01_0001.sdf	G34.3 CS(5-4) 244.9356	LSB	1	250MHzx8192	250.8908067159	244.9356435	CS	5 - 4
JCMTCAL	20200807	34	G34.3	science	a20200807_00034_02_0001.sdf	G34.3 CS(5-4) 244.9356	LSB	2	1000MHzx2048	250.8908067159	244.9356435	CS	5 - 4
JCMTCAL	20200807	35	G34.3	science	a20200807_00035_01_0001.sdf	G34.3 CS(5-4) 244.9356	USB	1	250MHzx8192	238.8907958894	244.9356435	CS	5 - 4
JCMTCAL	20200807	35	G34.3	science	a20200807_00035_02_0001.sdf	G34.3 CS(5-4) 244.9356	USB	2	1000MHzx2048	238.8907958894	244.9356435	CS	5 - 4
M17BL002	20200807	38	pi1 Gru	science	a20200807_00038_01_0001.sdf	pi1 Gru Position-switch raster	USB	1	1000MHzx2048	225.4680014643	230.538	CO	2 - 1
M17BL002	20200807	39	pi1 Gru	science	a20200807_00039_01_0001.sdf	pi1 Gru Position-switch raster	USB	1	1000MHzx2048	225.4679761588	230.538	CO	2 - 1
JCMTCAL	20200807	63	W75N	science	a20200807_00063_01_0001.sdf	W75N CO(2-1) 230.5380	LSB	1	250MHzx8192	236.5440429913	230.538	CO	2 - 1
JCMTCAL	20200807	63	W75N	science	a20200807_00063_02_0001.sdf	W75N CO(2-1) 230.5380	LSB	2	1000MHzx2048	236.5440429913	230.538	CO	2 - 1
JCMTCAL	20200807	65	W75N	science	a20200807_00065_01_0001.sdf	W75N CS(5-4) 244.9356	LSB	1	250MHzx8192	250.942051672	244.9356435	CS	5 - 4
JCMTCAL	20200807	65	W75N	science	a20200807_00065_02_0001.sdf	W75N CS(5-4) 244.9356	LSB	2	1000MHzx2048	250.942051672	244.9356435	CS	5 - 4
JCMTCAL	20200807	66	W75N	science	a20200807_00066_01_0001.sdf	W75N CS(5-4) 244.9356 (1X)_done_20200807T021758	USB	1	250MHzx8192	238.9420457849	244.9356435	CS	5 - 4
JCMTCAL	20200807	66	W75N	science	a20200807_00066_02_0001.sdf	W75N CS(5-4) 244.9356 (1X)_done_20200807T021758	USB	2	1000MHzx2048	238.9420457849	244.9356435	CS	5 - 4
M20BEC36	20200807	69	W75N	science	a20200807_00069_01_0001.sdf	W75N CO IF 4.5	LSB	1	250MHzx8192	235.0440130686	230.538	CO	2 - 1
M20BEC36	20200807	69	W75N	science	a20200807_00069_02_0001.sdf	W75N CO IF 4.5	LSB	2	1000MHzx2048	235.0440130686	230.538	CO	2 - 1
M20BEC36	20200807	70	W75N	science	a20200807_00070_01_0001.sdf	W75N CO IF 5	LSB	1	250MHzx8192	235.5440081636	230.538	CO	2 - 1
M20BEC36	20200807	70	W75N	science	a20200807_00070_02_0001.sdf	W75N CO IF 5	LSB	2	1000MHzx2048	235.5440081636	230.538	CO	2 - 1
M20BEC36	20200807	71	W75N	science	a20200807_00071_01_0001.sdf	W75N CO IF 5.5	LSB	1	250MHzx8192	236.0440031574	230.538	CO	2 - 1
M20BEC36	20200807	71	W75N	science	a20200807_00071_02_0001.sdf	W75N CO IF 5.5	LSB	2	1000MHzx2048	236.0440031574	230.538	CO	2 - 1
M20BEC36	20200807	72	W75N	science	a20200807_00072_01_0001.sdf	W75N CO IF 6	LSB	1	250MHzx8192	236.5439985043	230.538	CO	2 - 1
M20BEC36	20200807	72	W75N	science	a20200807_00072_02_0001.sdf	W75N CO IF 6	LSB	2	1000MHzx2048	236.5439985043	230.538	CO	2 - 1
M20BEC36	20200807	73	W75N	science	a20200807_00073_01_0001.sdf	W75N CO IF 6.5	LSB	1	250MHzx8192	237.0439939802	230.538	CO	2 - 1
M20BEC36	20200807	73	W75N	science	a20200807_00073_02_0001.sdf	W75N CO IF 6.5	LSB	2	1000MHzx2048	237.0439939802	230.538	CO	2 - 1
M20BEC36	20200807	76	W75N	science	a20200807_00076_01_0001.sdf	W75N 12CO 13CO 250MHz	USB	1	250MHzx8192	224.5439813128	230.538	CO	2 - 1
M20BEC36	20200807	77	W75N	science	a20200807_00077_01_0001.sdf	W75N CO IF 6 USB	USB	1	250MHzx8192	224.543977486	230.538	CO	2 - 1
M20BEC36	20200807	77	W75N	science	a20200807_00077_02_0001.sdf	W75N CO IF 6 USB	USB	2	1000MHzx2048	224.543977486	230.538	CO	2 - 1
M20BEC36	20200807	80	W3(OH)	science	a20200807_00080_01_0001.sdf	W3OH CO IF 4.5	LSB	1	250MHzx8192	236.5915677415	230.538	CO	2 - 1
M20BEC36	20200807	80	W3(OH)	science	a20200807_00080_02_0001.sdf	W3OH CO IF 4.5	LSB	2	1000MHzx2048	236.5915677415	230.538	CO	2 - 1
M20BEC36	20200807	81	W3(OH)	science	a20200807_00081_01_0001.sdf	W3(OH) CO IF 5	LSB	1	250MHzx8192	235.5915634946	230.538	CO	2 - 1
M20BEC36	20200807	81	W3(OH)	science	a20200807_00081_02_0001.sdf	W3(OH) CO IF 5	LSB	2	1000MHzx2048	235.5915634946	230.538	CO	2 - 1
M20BEC36	20200807	82	W3(OH)	science	a20200807_00082_01_0001.sdf	W3(OH) CO IF 5.5	LSB	1	250MHzx8192	236.0915590347	230.538	CO	2 - 1
M20BEC36	20200807	82	W3(OH)	science	a20200807_00082_02_0001.sdf	W3(OH) CO IF 5.5	LSB	2	1000MHzx2048	236.0915590347	230.538	CO	2 - 1
M20BEC36	20200807	83	W3(OH)	science	a20200807_00083_01_0001.sdf	W3(OH) CO IF 6	LSB	1	250MHzx8192	236.5915548726	230.538	CO	2 - 1
M20BEC36	20200807	83	W3(OH)	science	a20200807_00083_02_0001.sdf	W3(OH) CO IF 6	LSB	2	1000MHzx2048	236.5915548726	230.538	CO	2 - 1
M20BEC36	20200807	84	W3(OH)	science	a20200807_00084_01_0001.sdf	W3(OH) CO IF 6 USB	USB	1	250MHzx8192	224.5915507261	230.538	CO	2 - 1
M20BEC36	20200807	84	W3(OH)	science	a20200807_00084_02_0001.sdf	W3(OH) CO IF 6 USB	USB	2	1000MHzx2048	224.5915507261	230.538	CO	2 - 1
M20BEC36	20200807	85	W3(OH)	science	a20200807_00085_01_0001.sdf	W3(OH) CO IF 6.5	LSB	1	250MHzx8192	237.0915465193	230.538	CO	2 - 1
M20BEC36	20200807	85	W3(OH)	science	a20200807_00085_02_0001.sdf	W3(OH) CO IF 6.5	LSB	2	1000MHzx2048	237.0915465193	230.538	CO	2 - 1
M20BEC36	20200807	88	W3(OH)	science	a20200807_00088_01_0001.sdf	W3(OH) 12CO and 13CO 250MHz	USB	1	250MHzx8192	224.5915334929	230.538	CO	2 - 1
JCMTCAL	20200807	93	W3(OH)	science	a20200807_00093_01_0001.sdf	W3(OH) CO(2-1) 230.5380	USB	1	250MHzx8192	224.5915148124	230.538	CO	2 - 1
JCMTCAL	20200807	93	W3(OH)	science	a20200807_00093_02_0001.sdf	W3(OH) CO(2-1) 230.5380	USB	2	1000MHzx2048	224.5915148124	230.538	CO	2 - 1
JCMTCAL	20200808	12	16293-2422	science	a20200808_00012_01_0001.sdf	16293-2422 CO(2-1) 230.5380	LSB	1	250MHzx8192	236.5223981733	230.538	CO	2 - 1
JCMTCAL	20200808	12	16293-2422	science	a20200808_00012_02_0001.sdf	16293-2422 CO(2-1) 230.5380	LSB	2	1000MHzx2048	236.5223981733	230.538	CO	2 - 1
JCMTCAL	20200808	14	16293-2422	science	a20200808_00014_01_0001.sdf	16293-2422 CS(5-4) 244.9356	LSB	1	250MHzx8192	250.9190489738	244.9356435	CS	5 - 4
JCMTCAL	20200808	14	16293-2422	science	a20200808_00014_02_0001.sdf	16293-2422 CS(5-4) 244.9356	LSB	2	1000MHzx2048	250.9190489738	244.9356435	CS	5 - 4
JCMTCAL	20200808	15	16293-2422	science	a20200808_00015_01_0001.sdf	16293-2422 CS(5-4) 244.9356	USB	1	250MHzx8192	238.9190396593	244.9356435	CS	5 - 4
JCMTCAL	20200808	15	16293-2422	science	a20200808_00015_02_0001.sdf	16293-2422 CS(5-4) 244.9356	USB	2	1000MHzx2048	238.9190396593	244.9356435	CS	5 - 4
M17BL002	20200808	23	ST Her	science	a20200808_00023_01_0001.sdf	ST Her Position-switch raster	USB	1	1000MHzx2048	225.4724212886	230.538	CO	2 - 1
M17BL002	20200808	24	ST Her	science	a20200808_00024_01_0001.sdf	ST Her Position-switch raster	USB	1	1000MHzx2048	225.4724015007	230.538	CO	2 - 1
M17BL002	20200808	28	ST Her	science	a20200808_00028_01_0001.sdf	ST Her Position-switch raster	USB	1	1000MHzx2048	225.4722972077	230.538	CO	2 - 1
M17BL002	20200808	29	ST Her	science	a20200808_00029_01_0001.sdf	ST Her Position-switch raster	USB	1	1000MHzx2048	225.4722820764	230.538	CO	2 - 1
M17BL002	20200808	31	X Her	science	a20200808_00031_01_0001.sdf	X Her Position-switch raster	USB	1	1000MHzx2048	225.4723497788	230.538	CO	2 - 1
M17BL002	20200808	32	X Her	science	a20200808_00032_01_0001.sdf	X Her Position-switch raster	USB	1	1000MHzx2048	225.4723362858	230.538	CO	2 - 1
JCMTCAL	20200808	38	G34.3	science	a20200808_00038_01_0001.sdf	G34.3 CO(2-1) 230.5380	LSB	1	250MHzx8192	236.4955462211	230.538	CO	2 - 1
JCMTCAL	20200808	38	G34.3	science	a20200808_00038_02_0001.sdf	G34.3 CO(2-1) 230.5380	LSB	2	1000MHzx2048	236.4955462211	230.538	CO	2 - 1
JCMTCAL	20200808	40	G34.3	science	a20200808_00040_01_0001.sdf	G34.3 CS(5-4) 244.9356	LSB	1	250MHzx8192	250.8905159483	244.9356435	CS	5 - 4
JCMTCAL	20200808	40	G34.3	science	a20200808_00040_02_0001.sdf	G34.3 CS(5-4) 244.9356	LSB	2	1000MHzx2048	250.8905159483	244.9356435	CS	5 - 4
JCMTCAL	20200808	41	G34.3	science	a20200808_00041_01_0001.sdf	G34.3 CS(5-4) 244.9356	USB	1	250MHzx8192	238.8905050026	244.9356435	CS	5 - 4
JCMTCAL	20200808	41	G34.3	science	a20200808_00041_02_0001.sdf	G34.3 CS(5-4) 244.9356	USB	2	1000MHzx2048	238.8905050026	244.9356435	CS	5 - 4
M20AL014	20200808	66	IRAS19487+3835	science	a20200808_00066_01_0001.sdf	Beam-switch stare	USB	1	1000MHzx2048	225.4815586858	230.538	CO	2 - 1
M20AL014	20200808	67	IRAS19487+3835	science	a20200808_00067_01_0001.sdf	Beam-switch stare	USB	1	1000MHzx2048	225.4815438488	230.538	CO	2 - 1
M20AL014	20200808	68	IRAS20350+3741	science	a20200808_00068_01_0001.sdf	Beam-switch stare	USB	1	1000MHzx2048	225.4836995737	230.538	CO	2 - 1
M20AL014	20200808	69	IRAS20350+3741	science	a20200808_00069_01_0001.sdf	Beam-switch stare	USB	1	1000MHzx2048	225.4836835669	230.538	CO	2 - 1
JCMTCAL	20200808	75	W75N	science	a20200808_00075_01_0001.sdf	W75N CO(2-1) 230.5380	LSB	1	250MHzx8192	236.5438302425	230.538	CO	2 - 1
JCMTCAL	20200808	75	W75N	science	a20200808_00075_02_0001.sdf	W75N CO(2-1) 230.5380	LSB	2	1000MHzx2048	236.5438302425	230.538	CO	2 - 1
JCMTCAL	20200808	77	W75N	science	a20200808_00077_01_0001.sdf	W75N CS(5-4) 244.9356	LSB	1	250MHzx8192	250.9418268711	244.9356435	CS	5 - 4
JCMTCAL	20200808	77	W75N	science	a20200808_00077_02_0001.sdf	W75N CS(5-4) 244.9356	LSB	2	1000MHzx2048	250.9418268711	244.9356435	CS	5 - 4
M20BEC36	20200808	84	N7538IRS1	science	a20200808_00084_01_0001.sdf	N7538IRS1 CO IF 4.5	LSB	1	250MHzx8192	235.1022175566	230.538	CO	2 - 1
M20BEC36	20200808	84	N7538IRS1	science	a20200808_00084_02_0001.sdf	N7538IRS1 CO IF 4.5	LSB	2	1000MHzx2048	235.1022175566	230.538	CO	2 - 1
M20BEC36	20200808	85	N7538IRS1	science	a20200808_00085_01_0001.sdf	N7538IRS1 CO IF 5	LSB	1	250MHzx8192	235.6022131745	230.538	CO	2 - 1
M20BEC36	20200808	85	N7538IRS1	science	a20200808_00085_02_0001.sdf	N7538IRS1 CO IF 5	LSB	2	1000MHzx2048	235.6022131745	230.538	CO	2 - 1
M20BEC36	20200808	86	N7538IRS1	science	a20200808_00086_01_0001.sdf	N7538IRS1 CO IF 5.5	LSB	1	250MHzx8192	236.1022086938	230.538	CO	2 - 1
M20BEC36	20200808	86	N7538IRS1	science	a20200808_00086_02_0001.sdf	N7538IRS1 CO IF 5.5	LSB	2	1000MHzx2048	236.1022086938	230.538	CO	2 - 1
M20BEC36	20200808	87	N7538IRS1	science	a20200808_00087_01_0001.sdf	N7538IRS1 CO IF 6	LSB	1	250MHzx8192	236.6022044495	230.538	CO	2 - 1
M20BEC36	20200808	87	N7538IRS1	science	a20200808_00087_02_0001.sdf	N7538IRS1 CO IF 6	LSB	2	1000MHzx2048	236.6022044495	230.538	CO	2 - 1
M20BEC36	20200808	88	N7538IRS1	science	a20200808_00088_01_0001.sdf	N7538IRS1 CO IF 6 USB	USB	1	250MHzx8192	224.6022002407	230.538	CO	2 - 1
M20BEC36	20200808	88	N7538IRS1	science	a20200808_00088_02_0001.sdf	N7538IRS1 CO IF 6 USB	USB	2	1000MHzx2048	224.6022002407	230.538	CO	2 - 1
M20BEC36	20200808	89	N7538IRS1	science	a20200808_00089_01_0001.sdf	N7538IRS1 CO IF 6.5	LSB	1	250MHzx8192	237.1021961272	230.538	CO	2 - 1
M20BEC36	20200808	89	N7538IRS1	science	a20200808_00089_02_0001.sdf	N7538IRS1 CO IF 6.5	LSB	2	1000MHzx2048	237.1021961272	230.538	CO	2 - 1
M20BEC36	20200808	92	N7538IRS1	science	a20200808_00092_01_0001.sdf	N7538IRS1 12CO and 13CO 250MHz	USB	1	250MHzx8192	224.602184041	230.538	CO	2 - 1
M20BEC36	20200808	96	W3(OH)	science	a20200808_00096_01_0001.sdf	W3OH CO IF 4.5	LSB	1	250MHzx8192	235.0915999169	230.538	CO	2 - 1
M20BEC36	20200808	96	W3(OH)	science	a20200808_00096_02_0001.sdf	W3OH CO IF 4.5	LSB	2	1000MHzx2048	235.0915999169	230.538	CO	2 - 1
M17BL002	20200808	99	IRAS 03229+4721	science	a20200808_00099_01_0001.sdf	V384 Per CO(2-1) high	USB	1	1000MHzx2048	225.4864217534	230.538	CO	2 - 1
M17BL002	20200808	100	IRAS 03229+4721	science	a20200808_00100_01_0001.sdf	V384 Per CO(2-1) high	USB	1	1000MHzx2048	225.4864097656	230.538	CO	2 - 1
JCMTCAL	20200809	16	16293-2422	science	a20200809_00016_01_0001.sdf	16293-2422 CO(2-1) 230.5380	LSB	1	250MHzx8192	236.5222163747	230.538	CO	2 - 1
JCMTCAL	20200809	16	16293-2422	science	a20200809_00016_02_0001.sdf	16293-2422 CO(2-1) 230.5380	LSB	2	1000MHzx2048	236.5222163747	230.538	CO	2 - 1
JCMTCAL	20200809	22	16293-2422	science	a20200809_00022_01_0001.sdf	16293-2422 CO(2-1) 230.5380 (1X)_done_20200808T165516	LSB	1	250MHzx8192	236.5221665181	230.538	CO	2 - 1
JCMTCAL	20200809	22	16293-2422	science	a20200809_00022_02_0001.sdf	16293-2422 CO(2-1) 230.5380 (1X)_done_20200808T165516	LSB	2	1000MHzx2048	236.5221665181	230.538	CO	2 - 1
JCMTCAL	20200809	24	16293-2422	science	a20200809_00024_01_0001.sdf	16293-2422 CS(5-4) 244.9356	LSB	1	250MHzx8192	250.9188016214	244.9356435	CS	5 - 4
JCMTCAL	20200809	24	16293-2422	science	a20200809_00024_02_0001.sdf	16293-2422 CS(5-4) 244.9356	LSB	2	1000MHzx2048	250.9188016214	244.9356435	CS	5 - 4
JCMTCAL	20200809	25	16293-2422	science	a20200809_00025_01_0001.sdf	16293-2422 CS(5-4) 244.9356	USB	1	250MHzx8192	238.9187917825	244.9356435	CS	5 - 4
JCMTCAL	20200809	25	16293-2422	science	a20200809_00025_02_0001.sdf	16293-2422 CS(5-4) 244.9356	USB	2	1000MHzx2048	238.9187917825	244.9356435	CS	5 - 4
M20BEC36	20200809	31	16293-2422	science	a20200809_00031_01_0001.sdf	16293-2422 CO IF 4.5	LSB	1	250MHzx8192	235.0220889239	230.538	CO	2 - 1
M20BEC36	20200809	31	16293-2422	science	a20200809_00031_02_0001.sdf	16293-2422 CO IF 4.5	LSB	2	1000MHzx2048	235.0220889239	230.538	CO	2 - 1
M20BEC36	20200809	32	16293-2422	science	a20200809_00032_01_0001.sdf	16293-2422 CO IF 5	LSB	1	250MHzx8192	235.5171744457	230.538	CO	2 - 1
M20BEC36	20200809	32	16293-2422	science	a20200809_00032_02_0001.sdf	16293-2422 CO IF 5	LSB	2	1000MHzx2048	235.5171744457	230.538	CO	2 - 1
M20BEC36	20200809	33	16293-2422	science	a20200809_00033_01_0001.sdf	16293-2422 CO IF 5.5	LSB	1	250MHzx8192	236.0171646947	230.538	CO	2 - 1
M20BEC36	20200809	33	16293-2422	science	a20200809_00033_02_0001.sdf	16293-2422 CO IF 5.5	LSB	2	1000MHzx2048	236.0171646947	230.538	CO	2 - 1
M20BEC36	20200809	34	16293-2422	science	a20200809_00034_01_0001.sdf	16293-2422 CO IF 6	LSB	1	250MHzx8192	236.5220603649	230.538	CO	2 - 1
M20BEC36	20200809	34	16293-2422	science	a20200809_00034_02_0001.sdf	16293-2422 CO IF 6	LSB	2	1000MHzx2048	236.5220603649	230.538	CO	2 - 1
M20BEC36	20200809	35	16293-2422	science	a20200809_00035_01_0001.sdf	16293-2422 CO IF 6 USB	USB	1	250MHzx8192	224.522050556	230.538	CO	2 - 1
M20BEC36	20200809	35	16293-2422	science	a20200809_00035_02_0001.sdf	16293-2422 CO IF 6 USB	USB	2	1000MHzx2048	224.522050556	230.538	CO	2 - 1
M20BEC36	20200809	36	16293-2422	science	a20200809_00036_01_0001.sdf	16293-2422 CO IF 6.5	LSB	1	250MHzx8192	237.0220413558	230.538	CO	2 - 1
M20BEC36	20200809	36	16293-2422	science	a20200809_00036_02_0001.sdf	16293-2422 CO IF 6.5	LSB	2	1000MHzx2048	237.0220413558	230.538	CO	2 - 1
M20BEC36	20200809	39	16293-2422	science	a20200809_00039_01_0001.sdf	16293-2422 12CO and 13CO 250MHz	USB	1	250MHzx8192	224.522013932	230.538	CO	2 - 1
JCMTCAL	20200810	19	16293-2422	science	a20200810_00019_01_0001.sdf	16293-2422 CO(2-1) 230.5380	LSB	1	250MHzx8192	236.5220337383	230.538	CO	2 - 1
JCMTCAL	20200810	19	16293-2422	science	a20200810_00019_02_0001.sdf	16293-2422 CO(2-1) 230.5380	LSB	2	1000MHzx2048	236.5220337383	230.538	CO	2 - 1
JCMTCAL	20200810	21	16293-2422	science	a20200810_00021_01_0001.sdf	16293-2422 CS(5-4) 244.9356	LSB	1	250MHzx8192	250.9186608421	244.9356435	CS	5 - 4
JCMTCAL	20200810	21	16293-2422	science	a20200810_00021_02_0001.sdf	16293-2422 CS(5-4) 244.9356	LSB	2	1000MHzx2048	250.9186608421	244.9356435	CS	5 - 4
JCMTCAL	20200810	22	16293-2422	science	a20200810_00022_01_0001.sdf	16293-2422 CS(5-4) 244.9356	USB	1	250MHzx8192	238.9186504368	244.9356435	CS	5 - 4
JCMTCAL	20200810	22	16293-2422	science	a20200810_00022_02_0001.sdf	16293-2422 CS(5-4) 244.9356	USB	2	1000MHzx2048	238.9186504368	244.9356435	CS	5 - 4
JCMTCAL	20200810	29	G34.3	science	a20200810_00029_01_0001.sdf	G34.3 CS(5-4) 244.9356	LSB	1	250MHzx8192	250.8902884098	244.9356435	CS	5 - 4
JCMTCAL	20200810	29	G34.3	science	a20200810_00029_02_0001.sdf	G34.3 CS(5-4) 244.9356	LSB	2	1000MHzx2048	250.8902884098	244.9356435	CS	5 - 4
JCMTCAL	20200810	30	G34.3	science	a20200810_00030_01_0001.sdf	G34.3 CS(5-4) 244.9356	USB	1	250MHzx8192	238.8902784195	244.9356435	CS	5 - 4
JCMTCAL	20200810	30	G34.3	science	a20200810_00030_02_0001.sdf	G34.3 CS(5-4) 244.9356	USB	2	1000MHzx2048	238.8902784195	244.9356435	CS	5 - 4
JCMTCAL	20200810	68	W75N	science	a20200810_00068_01_0001.sdf	W75N CS(5-4) 244.9356	LSB	1	250MHzx8192	250.9415611708	244.9356435	CS	5 - 4
JCMTCAL	20200810	68	W75N	science	a20200810_00068_02_0001.sdf	W75N CS(5-4) 244.9356	LSB	2	1000MHzx2048	250.9415611708	244.9356435	CS	5 - 4
JCMTCAL	20200810	69	W75N	science	a20200810_00069_01_0001.sdf	W75N CS(5-4) 244.9356	USB	1	250MHzx8192	238.9415531039	244.9356435	CS	5 - 4
JCMTCAL	20200810	69	W75N	science	a20200810_00069_02_0001.sdf	W75N CS(5-4) 244.9356	USB	2	1000MHzx2048	238.9415531039	244.9356435	CS	5 - 4
M20AEC36	20200810	73	MOON	science	a20200810_00073_01_0001.sdf	Uu Moon raster	LSB	1	1000MHzx2048	236.538	230.538	CO	2 - 1
M20AEC36	20200810	73	MOON	science	a20200810_00073_02_0001.sdf	Uu Moon raster	LSB	2	1000MHzx2048	236.538	230.538	CO	2 - 1
M20AEC36	20200810	74	MOON	science	a20200810_00074_01_0001.sdf	Uu Moon raster	LSB	1	1000MHzx2048	236.538	230.538	CO	2 - 1
M20AEC36	20200810	74	MOON	science	a20200810_00074_02_0001.sdf	Uu Moon raster	LSB	2	1000MHzx2048	236.538	230.538	CO	2 - 1
JCMTCAL	20200811	12	16293-2422	science	a20200811_00012_01_0001.sdf	16293-2422 CO(2-1) 230.5380	LSB	1	250MHzx8192	236.5218808933	230.538	CO	2 - 1
JCMTCAL	20200811	12	16293-2422	science	a20200811_00012_02_0001.sdf	16293-2422 CO(2-1) 230.5380	LSB	2	1000MHzx2048	236.5218808933	230.538	CO	2 - 1
JCMTCAL	20200811	19	16293-2422	science	a20200811_00019_01_0001.sdf	16293-2422 CS(5-4) 244.9356	LSB	1	250MHzx8192	250.9184539637	244.9356435	CS	5 - 4
JCMTCAL	20200811	19	16293-2422	science	a20200811_00019_02_0001.sdf	16293-2422 CS(5-4) 244.9356	LSB	2	1000MHzx2048	250.9184539637	244.9356435	CS	5 - 4
JCMTCAL	20200811	20	16293-2422	science	a20200811_00020_01_0001.sdf	16293-2422 CS(5-4) 244.9356	USB	1	250MHzx8192	238.9184434629	244.9356435	CS	5 - 4
JCMTCAL	20200811	20	16293-2422	science	a20200811_00020_02_0001.sdf	16293-2422 CS(5-4) 244.9356	USB	2	1000MHzx2048	238.9184434629	244.9356435	CS	5 - 4
JCMTCAL	20200811	28	G34.3	science	a20200811_00028_01_0001.sdf	G34.3 CO(2-1) 230.5380 (1X)_done_20200810T195056	LSB	1	250MHzx8192	236.4949686092	230.538	CO	2 - 1
JCMTCAL	20200811	28	G34.3	science	a20200811_00028_02_0001.sdf	G34.3 CO(2-1) 230.5380 (1X)_done_20200810T195056	LSB	2	1000MHzx2048	236.4949686092	230.538	CO	2 - 1
JCMTCAL	20200811	35	G34.3	science	a20200811_00035_01_0001.sdf	G34.3 CS(5-4) 244.9356	LSB	1	250MHzx8192	250.8898525136	244.9356435	CS	5 - 4
JCMTCAL	20200811	35	G34.3	science	a20200811_00035_02_0001.sdf	G34.3 CS(5-4) 244.9356	LSB	2	1000MHzx2048	250.8898525136	244.9356435	CS	5 - 4
JCMTCAL	20200811	36	G34.3	science	a20200811_00036_01_0001.sdf	G34.3 CS(5-4) 244.9356 (1X)_done_20200810T195018	USB	1	250MHzx8192	238.8898409958	244.9356435	CS	5 - 4
JCMTCAL	20200811	36	G34.3	science	a20200811_00036_02_0001.sdf	G34.3 CS(5-4) 244.9356 (1X)_done_20200810T195018	USB	2	1000MHzx2048	238.8898409958	244.9356435	CS	5 - 4
JCMTCAL	20200811	42	W75N	science	a20200811_00042_01_0001.sdf	W75N CO(2-1) 230.5380	LSB	1	250MHzx8192	236.5435990083	230.538	CO	2 - 1
JCMTCAL	20200811	42	W75N	science	a20200811_00042_02_0001.sdf	W75N CO(2-1) 230.5380	LSB	2	1000MHzx2048	236.5435990083	230.538	CO	2 - 1
JCMTCAL	20200811	49	W75N	science	a20200811_00049_01_0001.sdf	W75N CS(5-4) 244.9356	LSB	1	250MHzx8192	250.9415435079	244.9356435	CS	5 - 4
JCMTCAL	20200811	49	W75N	science	a20200811_00049_02_0001.sdf	W75N CS(5-4) 244.9356	LSB	2	1000MHzx2048	250.9415435079	244.9356435	CS	5 - 4
JCMTCAL	20200811	50	W75N	science	a20200811_00050_01_0001.sdf	W75N CS(5-4) 244.9356	USB	1	250MHzx8192	238.941535399	244.9356435	CS	5 - 4
JCMTCAL	20200811	50	W75N	science	a20200811_00050_02_0001.sdf	W75N CS(5-4) 244.9356	USB	2	1000MHzx2048	238.941535399	244.9356435	CS	5 - 4
JCMTCAL	20200811	57	N2071IR	science	a20200811_00057_01_0001.sdf	N2071IR CO(2-1) 230.5380	LSB	1	250MHzx8192	236.5338642599	230.538	CO	2 - 1
JCMTCAL	20200811	57	N2071IR	science	a20200811_00057_02_0001.sdf	N2071IR CO(2-1) 230.5380	LSB	2	1000MHzx2048	236.5338642599	230.538	CO	2 - 1
JCMTCAL	20200811	62	N2071IR	science	a20200811_00062_01_0001.sdf	N2071IR CS(5-4) 244.9356	LSB	1	250MHzx8192	250.9312049325	244.9356435	CS	5 - 4
JCMTCAL	20200811	62	N2071IR	science	a20200811_00062_02_0001.sdf	N2071IR CS(5-4) 244.9356	LSB	2	1000MHzx2048	250.9312049325	244.9356435	CS	5 - 4
JCMTCAL	20200811	63	N2071IR	science	a20200811_00063_01_0001.sdf	N2071IR CS(5-4) 244.9356	USB	1	250MHzx8192	238.9311956934	244.9356435	CS	5 - 4
JCMTCAL	20200811	63	N2071IR	science	a20200811_00063_02_0001.sdf	N2071IR CS(5-4) 244.9356	USB	2	1000MHzx2048	238.9311956934	244.9356435	CS	5 - 4
JCMTCAL	20200811	71	OMC1	science	a20200811_00071_01_0001.sdf	OMC1 CO(2-1) 230.5380	LSB	1	250MHzx8192	236.533022941	230.538	CO	2 - 1
JCMTCAL	20200811	71	OMC1	science	a20200811_00071_02_0001.sdf	OMC1 CO(2-1) 230.5380	LSB	2	1000MHzx2048	236.533022941	230.538	CO	2 - 1
JCMTCAL	20200813	47	CRL2688	science	a20200813_00047_01_0001.sdf	CRL2688 CO(2-1) 230.5380	LSB	1	250MHzx8192	236.5801512548	230.538	CO	2 - 1
JCMTCAL	20200813	47	CRL2688	science	a20200813_00047_02_0001.sdf	CRL2688 CO(2-1) 230.5380	LSB	2	1000MHzx2048	236.5801512548	230.538	CO	2 - 1
M20BP032	20200813	48	J2057+1707	science	a20200813_00048_01_0001.sdf	J2057+1707_CO(2-1)_Beam-switch-stare	LSB	1	1000MHzx2048	228.5422771263	230.538	CO	2 - 1
M20BP032	20200813	49	J2057+1707	science	a20200813_00049_01_0001.sdf	J2057+1707_CO(2-1)_Beam-switch-stare	LSB	1	1000MHzx2048	228.5422573973	230.538	CO	2 - 1
M20BP032	20200813	52	J2057+1707	science	a20200813_00052_01_0001.sdf	J2057+1707_CO(2-1)_Beam-switch-stare	LSB	1	1000MHzx2048	228.5422265716	230.538	CO	2 - 1
M20BP032	20200813	53	J2057+1707	science	a20200813_00053_01_0001.sdf	J2057+1707_CO(2-1)_Beam-switch-stare	LSB	1	1000MHzx2048	228.5422088359	230.538	CO	2 - 1
M20BP032	20200813	54	J2057+1707	science	a20200813_00054_01_0001.sdf	J2057+1707_CO(2-1)_Beam-switch-stare	LSB	1	1000MHzx2048	228.5421919381	230.538	CO	2 - 1
M20BP032	20200813	55	J2057+1707	science	a20200813_00055_01_0001.sdf	J2057+1707_CO(2-1)_Beam-switch-stare	LSB	1	1000MHzx2048	228.5421755142	230.538	CO	2 - 1
M20BP032	20200813	58	J2057+1707	science	a20200813_00058_01_0001.sdf	J2057+1707_CO(2-1)_Beam-switch-stare	LSB	1	1000MHzx2048	228.5421533216	230.538	CO	2 - 1
M20BP032	20200813	59	J2057+1707	science	a20200813_00059_01_0001.sdf	J2057+1707_CO(2-1)_Beam-switch-stare	LSB	1	1000MHzx2048	228.5421399228	230.538	CO	2 - 1
JCMTCAL	20200813	61	CRL618	science	a20200813_00061_01_0001.sdf	CRL618 CO(2-1) 230.5380	LSB	1	250MHzx8192	236.5698614941	230.538	CO	2 - 1
JCMTCAL	20200813	61	CRL618	science	a20200813_00061_02_0001.sdf	CRL618 CO(2-1) 230.5380	LSB	2	1000MHzx2048	236.5698614941	230.538	CO	2 - 1
JCMTCAL	20200814	52	W75N	science	a20200814_00052_01_0001.sdf	W75N CS(5-4) 244.9356 (1X)_done_20200814T013451	LSB	1	250MHzx8192	250.9406113063	244.9356435	CS	5 - 4
JCMTCAL	20200814	52	W75N	science	a20200814_00052_02_0001.sdf	W75N CS(5-4) 244.9356 (1X)_done_20200814T013451	LSB	2	1000MHzx2048	250.9406113063	244.9356435	CS	5 - 4
JCMTCAL	20200814	53	W75N	science	a20200814_00053_01_0001.sdf	W75N CS(5-4) 244.9356 (1X)_done_20200814T013448	USB	1	250MHzx8192	238.940602059	244.9356435	CS	5 - 4
JCMTCAL	20200814	53	W75N	science	a20200814_00053_02_0001.sdf	W75N CS(5-4) 244.9356 (1X)_done_20200814T013448	USB	2	1000MHzx2048	238.940602059	244.9356435	CS	5 - 4
JCMTCAL	20200814	57	W75N	science	a20200814_00057_01_0001.sdf	W75N CO(2-1) 230.5380	LSB	1	250MHzx8192	236.5426437806	230.538	CO	2 - 1
JCMTCAL	20200814	57	W75N	science	a20200814_00057_02_0001.sdf	W75N CO(2-1) 230.5380	LSB	2	1000MHzx2048	236.5426437806	230.538	CO	2 - 1
M20BP032	20200814	60	J2057+1707	science	a20200814_00060_01_0001.sdf	J2057+1707_CO(2-1)_Beam-switch-stare	LSB	1	1000MHzx2048	228.5418840238	230.538	CO	2 - 1
M20BP032	20200814	61	J2057+1707	science	a20200814_00061_01_0001.sdf	J2057+1707_CO(2-1)_Beam-switch-stare	LSB	1	1000MHzx2048	228.5418684415	230.538	CO	2 - 1
M20BP032	20200814	62	J2057+1707	science	a20200814_00062_01_0001.sdf	J2057+1707_CO(2-1)_Beam-switch-stare	LSB	1	1000MHzx2048	228.541853941	230.538	CO	2 - 1
M20BP032	20200814	63	J2057+1707	science	a20200814_00063_01_0001.sdf	J2057+1707_CO(2-1)_Beam-switch-stare	LSB	1	1000MHzx2048	228.5418404285	230.538	CO	2 - 1
JCMTCAL	20200814	67	CRL618	science	a20200814_00067_01_0001.sdf	CRL618 CO(2-1) 230.5380 (1X)_done_20200814T025021	LSB	1	250MHzx8192	236.5700012902	230.538	CO	2 - 1
JCMTCAL	20200814	67	CRL618	science	a20200814_00067_02_0001.sdf	CRL618 CO(2-1) 230.5380 (1X)_done_20200814T025021	LSB	2	1000MHzx2048	236.5700012902	230.538	CO	2 - 1
JCMTCAL	20200814	70	OMC1	science	a20200814_00070_01_0001.sdf	OMC1 CO(2-1) 230.5380	LSB	1	250MHzx8192	236.5338301311	230.538	CO	2 - 1
JCMTCAL	20200814	70	OMC1	science	a20200814_00070_02_0001.sdf	OMC1 CO(2-1) 230.5380	LSB	2	1000MHzx2048	236.5338301311	230.538	CO	2 - 1
JCMTCAL	20200814	77	N2071IR	science	a20200814_00077_01_0001.sdf	N2071IR CO(2-1) 230.5380 (1X)_done_20200814T035554	LSB	1	250MHzx8192	236.5346079348	230.538	CO	2 - 1
JCMTCAL	20200814	77	N2071IR	science	a20200814_00077_02_0001.sdf	N2071IR CO(2-1) 230.5380 (1X)_done_20200814T035554	LSB	2	1000MHzx2048	236.5346079348	230.538	CO	2 - 1
JCMTCAL	20200814	90	N2071IR	science	a20200814_00090_01_0001.sdf	N2071IR CS(5-4) 244.9356 (1X)_done_20200814T045513	LSB	1	250MHzx8192	250.9319521528	244.9356435	CS	5 - 4
JCMTCAL	20200814	90	N2071IR	science	a20200814_00090_02_0001.sdf	N2071IR CS(5-4) 244.9356 (1X)_done_20200814T045513	LSB	2	1000MHzx2048	250.9319521528	244.9356435	CS	5 - 4
JCMTCAL	20200814	91	N2071IR	science	a20200814_00091_01_0001.sdf	N2071IR CS(5-4) 244.9356	USB	1	250MHzx8192	238.9319440653	244.9356435	CS	5 - 4
JCMTCAL	20200814	91	N2071IR	science	a20200814_00091_02_0001.sdf	N2071IR CS(5-4) 244.9356	USB	2	1000MHzx2048	238.9319440653	244.9356435	CS	5 - 4
JCMTCAL	20200815	45	W75N	science	a20200815_00045_01_0001.sdf	W75N CS(5-4) 244.9356	LSB	1	250MHzx8192	250.9404237962	244.9356435	CS	5 - 4
JCMTCAL	20200815	45	W75N	science	a20200815_00045_02_0001.sdf	W75N CS(5-4) 244.9356	LSB	2	1000MHzx2048	250.9404237962	244.9356435	CS	5 - 4
JCMTCAL	20200815	46	W75N	science	a20200815_00046_01_0001.sdf	W75N CS(5-4) 244.9356	USB	1	250MHzx8192	238.9404153929	244.9356435	CS	5 - 4
JCMTCAL	20200815	46	W75N	science	a20200815_00046_02_0001.sdf	W75N CS(5-4) 244.9356	USB	2	1000MHzx2048	238.9404153929	244.9356435	CS	5 - 4
JCMTCAL	20200815	76	N2071IR	science	a20200815_00076_01_0001.sdf	N2071IR CS(5-4) 244.9356	LSB	1	250MHzx8192	250.9321908689	244.9356435	CS	5 - 4
JCMTCAL	20200815	76	N2071IR	science	a20200815_00076_02_0001.sdf	N2071IR CS(5-4) 244.9356	LSB	2	1000MHzx2048	250.9321908689	244.9356435	CS	5 - 4
JCMTCAL	20200815	79	N2071IR	science	a20200815_00079_01_0001.sdf	N2071IR CS(5-4) 244.9356	USB	1	250MHzx8192	238.9321720326	244.9356435	CS	5 - 4
JCMTCAL	20200815	79	N2071IR	science	a20200815_00079_02_0001.sdf	N2071IR CS(5-4) 244.9356	USB	2	1000MHzx2048	238.9321720326	244.9356435	CS	5 - 4
JCMTCAL	20200815	81	N2071IR	science	a20200815_00081_01_0001.sdf	N2071IR CO(2-1) 230.5380	LSB	1	250MHzx8192	236.534716122	230.538	CO	2 - 1
JCMTCAL	20200815	81	N2071IR	science	a20200815_00081_02_0001.sdf	N2071IR CO(2-1) 230.5380	LSB	2	1000MHzx2048	236.534716122	230.538	CO	2 - 1
JCMTCAL	20200815	89	OMC1	science	a20200815_00089_01_0001.sdf	OMC1 CO(2-1) 230.5380	LSB	1	250MHzx8192	236.533806881	230.538	CO	2 - 1
JCMTCAL	20200815	89	OMC1	science	a20200815_00089_02_0001.sdf	OMC1 CO(2-1) 230.5380	LSB	2	1000MHzx2048	236.533806881	230.538	CO	2 - 1
JCMTCAL	20200816	8	G34.3	science	a20200816_00008_01_0001.sdf	G34.3 CO(2-1) 230.5380	LSB	1	250MHzx8192	236.4936671157	230.538	CO	2 - 1
JCMTCAL	20200816	8	G34.3	science	a20200816_00008_02_0001.sdf	G34.3 CO(2-1) 230.5380	LSB	2	1000MHzx2048	236.4936671157	230.538	CO	2 - 1
M20BP070	20200816	11	HAE1735	science	a20200816_00011_01_0001.sdf	Beam-switch stare HAE1735	LSB	1	1000MHzx2048	226.1006057009	230.538	CO	2 - 1
M20BP070	20200816	12	HAE1735	science	a20200816_00012_01_0001.sdf	Beam-switch stare HAE1735	LSB	1	1000MHzx2048	226.1005919667	230.538	CO	2 - 1
M20BP070	20200816	13	HAE1735	science	a20200816_00013_01_0001.sdf	Beam-switch stare HAE1735	LSB	1	1000MHzx2048	226.1005779498	230.538	CO	2 - 1
M20BP070	20200816	16	HAE1557	science	a20200816_00016_01_0001.sdf	Beam-switch stare HAE1557	LSB	1	1000MHzx2048	229.1848452686	230.538	CO	2 - 1
M20BP070	20200816	17	HAE1557	science	a20200816_00017_01_0001.sdf	Beam-switch stare HAE1557	LSB	1	1000MHzx2048	229.1848226109	230.538	CO	2 - 1
M20BP070	20200816	18	HAE1557	science	a20200816_00018_01_0001.sdf	Beam-switch stare HAE1557	LSB	1	1000MHzx2048	229.1848008896	230.538	CO	2 - 1
JCMTCAL	20200816	19	G34.3	science	a20200816_00019_01_0001.sdf	G34.3 CO(2-1) 230.5380 (1X)_done_20200815T175727	LSB	1	250MHzx8192	236.4934466302	230.538	CO	2 - 1
JCMTCAL	20200816	19	G34.3	science	a20200816_00019_02_0001.sdf	G34.3 CO(2-1) 230.5380 (1X)_done_20200815T175727	LSB	2	1000MHzx2048	236.4934466302	230.538	CO	2 - 1
M20BP070	20200816	21	HAE1557	science	a20200816_00021_01_0001.sdf	Beam-switch stare HAE1557	LSB	1	1000MHzx2048	229.1847652118	230.538	CO	2 - 1
M20BP070	20200816	22	HAE1557	science	a20200816_00022_01_0001.sdf	Beam-switch stare HAE1557	LSB	1	1000MHzx2048	229.1847464352	230.538	CO	2 - 1
M20BP070	20200816	23	HAE1557	science	a20200816_00023_01_0001.sdf	Beam-switch stare HAE1557	LSB	1	1000MHzx2048	229.1847295676	230.538	CO	2 - 1
M20BP070	20200816	26	HAE1735	science	a20200816_00026_01_0001.sdf	Beam-switch stare HAE1735	LSB	1	1000MHzx2048	226.1004526969	230.538	CO	2 - 1
M20BP070	20200816	27	HAE1735	science	a20200816_00027_01_0001.sdf	Beam-switch stare HAE1735	LSB	1	1000MHzx2048	226.1004406884	230.538	CO	2 - 1
M20BP070	20200816	28	HAE1735	science	a20200816_00028_01_0001.sdf	Beam-switch stare HAE1735	LSB	1	1000MHzx2048	226.1004291505	230.538	CO	2 - 1
M20BP070	20200816	30	HAE1735	science	a20200816_00030_01_0001.sdf	Beam-switch stare HAE1735	LSB	1	1000MHzx2048	226.1004158699	230.538	CO	2 - 1
M20BP070	20200816	31	HAE1735	science	a20200816_00031_01_0001.sdf	Beam-switch stare HAE1735	LSB	1	1000MHzx2048	226.1004065864	230.538	CO	2 - 1
M20BP070	20200816	32	HAE1735	science	a20200816_00032_01_0001.sdf	Beam-switch stare HAE1735	LSB	1	1000MHzx2048	226.1003982973	230.538	CO	2 - 1
JCMTCAL	20200816	34	W75N	science	a20200816_00034_01_0001.sdf	W75N CO(2-1) 230.5380	LSB	1	250MHzx8192	236.5423664018	230.538	CO	2 - 1
JCMTCAL	20200816	34	W75N	science	a20200816_00034_02_0001.sdf	W75N CO(2-1) 230.5380	LSB	2	1000MHzx2048	236.5423664018	230.538	CO	2 - 1
JCMTCAL	20200816	53	W75N	science	a20200816_00053_01_0001.sdf	W75N CO(2-1) 230.5380 (1X)_done_20200815T232446	LSB	1	250MHzx8192	236.542281376	230.538	CO	2 - 1
JCMTCAL	20200816	53	W75N	science	a20200816_00053_02_0001.sdf	W75N CO(2-1) 230.5380 (1X)_done_20200815T232446	LSB	2	1000MHzx2048	236.542281376	230.538	CO	2 - 1
JCMTCAL	20200817	6	G34.3	science	a20200817_00006_01_0001.sdf	G34.3 CO(2-1) 230.5380	LSB	1	250MHzx8192	236.4934335063	230.538	CO	2 - 1
JCMTCAL	20200817	6	G34.3	science	a20200817_00006_02_0001.sdf	G34.3 CO(2-1) 230.5380	LSB	2	1000MHzx2048	236.4934335063	230.538	CO	2 - 1
M20BP070	20200817	9	HAE1735	science	a20200817_00009_01_0001.sdf	Beam-switch stare HAE1735	LSB	1	1000MHzx2048	226.1006119066	230.538	CO	2 - 1
M20BP070	20200817	10	HAE1735	science	a20200817_00010_01_0001.sdf	Beam-switch stare HAE1735	LSB	1	1000MHzx2048	226.1005991034	230.538	CO	2 - 1
M20BP070	20200817	11	HAE1735	science	a20200817_00011_01_0001.sdf	Beam-switch stare HAE1735	LSB	1	1000MHzx2048	226.100585534	230.538	CO	2 - 1
M20BP070	20200817	13	HAE1735	science	a20200817_00013_01_0001.sdf	Beam-switch stare HAE1735	LSB	1	1000MHzx2048	226.1005681323	230.538	CO	2 - 1
M20BP070	20200817	14	HAE1735	science	a20200817_00014_01_0001.sdf	Beam-switch stare HAE1735	LSB	1	1000MHzx2048	226.1005539653	230.538	CO	2 - 1
M20BP070	20200817	15	HAE1735	science	a20200817_00015_01_0001.sdf	Beam-switch stare HAE1735	LSB	1	1000MHzx2048	226.100535749	230.538	CO	2 - 1
M20BP070	20200817	18	HAE1557	science	a20200817_00018_01_0001.sdf	Beam-switch stare HAE1557	LSB	1	1000MHzx2048	229.1848254391	230.538	CO	2 - 1
M20BP070	20200817	19	HAE1557	science	a20200817_00019_01_0001.sdf	Beam-switch stare HAE1557	LSB	1	1000MHzx2048	229.1848044981	230.538	CO	2 - 1
M20BP070	20200817	20	HAE1557	science	a20200817_00020_01_0001.sdf	Beam-switch stare HAE1557	LSB	1	1000MHzx2048	229.1847846807	230.538	CO	2 - 1
JCMTCAL	20200817	21	G34.3	science	a20200817_00021_01_0001.sdf	G34.3 CO(2-1) 230.5380 (1X)_done_20200816T172654	LSB	1	250MHzx8192	236.4931238149	230.538	CO	2 - 1
JCMTCAL	20200817	21	G34.3	science	a20200817_00021_02_0001.sdf	G34.3 CO(2-1) 230.5380 (1X)_done_20200816T172654	LSB	2	1000MHzx2048	236.4931238149	230.538	CO	2 - 1
M20BP070	20200817	23	HAE1624	science	a20200817_00023_01_0001.sdf	Beam-switch stare HAE1624	LSB	1	1000MHzx2048	229.5107147656	230.538	CO	2 - 1
M20BP070	20200817	24	HAE1624	science	a20200817_00024_01_0001.sdf	Beam-switch stare HAE1624	LSB	1	1000MHzx2048	229.5106940057	230.538	CO	2 - 1
M20BP070	20200817	25	HAE1624	science	a20200817_00025_01_0001.sdf	Beam-switch stare HAE1624	LSB	1	1000MHzx2048	229.510674869	230.538	CO	2 - 1
M20BP070	20200817	28	HAE1735	science	a20200817_00028_01_0001.sdf	Beam-switch stare HAE1735	LSB	1	1000MHzx2048	226.1004178852	230.538	CO	2 - 1
M20BP070	20200817	29	HAE1735	science	a20200817_00029_01_0001.sdf	Beam-switch stare HAE1735	LSB	1	1000MHzx2048	226.100406825	230.538	CO	2 - 1
M20BP070	20200817	30	HAE1735	science	a20200817_00030_01_0001.sdf	Beam-switch stare HAE1735	LSB	1	1000MHzx2048	226.100396871	230.538	CO	2 - 1
JCMTCAL	20200817	31	G34.3	science	a20200817_00031_01_0001.sdf	G34.3 CO(2-1) 230.5380 (1X)_done_20200816T202354	LSB	1	250MHzx8192	236.4929009249	230.538	CO	2 - 1
JCMTCAL	20200817	31	G34.3	science	a20200817_00031_02_0001.sdf	G34.3 CO(2-1) 230.5380 (1X)_done_20200816T202354	LSB	2	1000MHzx2048	236.4929009249	230.538	CO	2 - 1
